id,image_link
7925,https://ksofronis.github.io/jt-meta-cards/item/7925.jpg
44268,https://ksofronis.github.io/jt-meta-cards/item/44268.jpg
44265,https://ksofronis.github.io/jt-meta-cards/item/44265.jpg
88872,https://ksofronis.github.io/jt-meta-cards/item/88872.jpg
90987,https://ksofronis.github.io/jt-meta-cards/item/90987.jpg
52935,https://ksofronis.github.io/jt-meta-cards/item/52935.jpg
9486,https://ksofronis.github.io/jt-meta-cards/item/9486.jpg
30645,https://ksofronis.github.io/jt-meta-cards/item/30645.jpg
85678,https://ksofronis.github.io/jt-meta-cards/item/85678.jpg
44305,https://ksofronis.github.io/jt-meta-cards/item/44305.jpg
74546,https://ksofronis.github.io/jt-meta-cards/item/74546.jpg
47305,https://ksofronis.github.io/jt-meta-cards/item/47305.jpg
45422,https://ksofronis.github.io/jt-meta-cards/item/45422.jpg
74038,https://ksofronis.github.io/jt-meta-cards/item/74038.jpg
74117,https://ksofronis.github.io/jt-meta-cards/item/74117.jpg
3512,https://ksofronis.github.io/jt-meta-cards/item/3512.jpg
46324,https://ksofronis.github.io/jt-meta-cards/item/46324.jpg
45377,https://ksofronis.github.io/jt-meta-cards/item/45377.jpg
42690,https://ksofronis.github.io/jt-meta-cards/item/42690.jpg
62828,https://ksofronis.github.io/jt-meta-cards/item/62828.jpg
10811,https://ksofronis.github.io/jt-meta-cards/item/10811.jpg
11735,https://ksofronis.github.io/jt-meta-cards/item/11735.jpg
26280,https://ksofronis.github.io/jt-meta-cards/item/26280.jpg
26292,https://ksofronis.github.io/jt-meta-cards/item/26292.jpg
26843,https://ksofronis.github.io/jt-meta-cards/item/26843.jpg
26848,https://ksofronis.github.io/jt-meta-cards/item/26848.jpg
26846,https://ksofronis.github.io/jt-meta-cards/item/26846.jpg
26838,https://ksofronis.github.io/jt-meta-cards/item/26838.jpg
26847,https://ksofronis.github.io/jt-meta-cards/item/26847.jpg
20869,https://ksofronis.github.io/jt-meta-cards/item/20869.jpg
1167,https://ksofronis.github.io/jt-meta-cards/item/1167.jpg
1169,https://ksofronis.github.io/jt-meta-cards/item/1169.jpg
1195,https://ksofronis.github.io/jt-meta-cards/item/1195.jpg
14528,https://ksofronis.github.io/jt-meta-cards/item/14528.jpg
14720,https://ksofronis.github.io/jt-meta-cards/item/14720.jpg
14823,https://ksofronis.github.io/jt-meta-cards/item/14823.jpg
30596,https://ksofronis.github.io/jt-meta-cards/item/30596.jpg
28755,https://ksofronis.github.io/jt-meta-cards/item/28755.jpg
28760,https://ksofronis.github.io/jt-meta-cards/item/28760.jpg
20315,https://ksofronis.github.io/jt-meta-cards/item/20315.jpg
88650,https://ksofronis.github.io/jt-meta-cards/item/88650.jpg
30599,https://ksofronis.github.io/jt-meta-cards/item/30599.jpg
9439,https://ksofronis.github.io/jt-meta-cards/item/9439.jpg
51749,https://ksofronis.github.io/jt-meta-cards/item/51749.jpg
30756,https://ksofronis.github.io/jt-meta-cards/item/30756.jpg
42749,https://ksofronis.github.io/jt-meta-cards/item/42749.jpg
9478,https://ksofronis.github.io/jt-meta-cards/item/9478.jpg
90699,https://ksofronis.github.io/jt-meta-cards/item/90699.jpg
90865,https://ksofronis.github.io/jt-meta-cards/item/90865.jpg
3370,https://ksofronis.github.io/jt-meta-cards/item/3370.jpg
33060,https://ksofronis.github.io/jt-meta-cards/item/33060.jpg
45376,https://ksofronis.github.io/jt-meta-cards/item/45376.jpg
45699,https://ksofronis.github.io/jt-meta-cards/item/45699.jpg
45942,https://ksofronis.github.io/jt-meta-cards/item/45942.jpg
83249,https://ksofronis.github.io/jt-meta-cards/item/83249.jpg
73229,https://ksofronis.github.io/jt-meta-cards/item/73229.jpg
90734,https://ksofronis.github.io/jt-meta-cards/item/90734.jpg
45713,https://ksofronis.github.io/jt-meta-cards/item/45713.jpg
46265,https://ksofronis.github.io/jt-meta-cards/item/46265.jpg
91311,https://ksofronis.github.io/jt-meta-cards/item/91311.jpg
89459,https://ksofronis.github.io/jt-meta-cards/item/89459.jpg
74046,https://ksofronis.github.io/jt-meta-cards/item/74046.jpg
45455,https://ksofronis.github.io/jt-meta-cards/item/45455.jpg
44284,https://ksofronis.github.io/jt-meta-cards/item/44284.jpg
45307,https://ksofronis.github.io/jt-meta-cards/item/45307.jpg
89162,https://ksofronis.github.io/jt-meta-cards/item/89162.jpg
46640,https://ksofronis.github.io/jt-meta-cards/item/46640.jpg
80094,https://ksofronis.github.io/jt-meta-cards/item/80094.jpg
45436,https://ksofronis.github.io/jt-meta-cards/item/45436.jpg
47266,https://ksofronis.github.io/jt-meta-cards/item/47266.jpg
84008,https://ksofronis.github.io/jt-meta-cards/item/84008.jpg
9304,https://ksofronis.github.io/jt-meta-cards/item/9304.jpg
73350,https://ksofronis.github.io/jt-meta-cards/item/73350.jpg
49689,https://ksofronis.github.io/jt-meta-cards/item/49689.jpg
30593,https://ksofronis.github.io/jt-meta-cards/item/30593.jpg
59152,https://ksofronis.github.io/jt-meta-cards/item/59152.jpg
14739,https://ksofronis.github.io/jt-meta-cards/item/14739.jpg
77251,https://ksofronis.github.io/jt-meta-cards/item/77251.jpg
47293,https://ksofronis.github.io/jt-meta-cards/item/47293.jpg
80146,https://ksofronis.github.io/jt-meta-cards/item/80146.jpg
45443,https://ksofronis.github.io/jt-meta-cards/item/45443.jpg
88997,https://ksofronis.github.io/jt-meta-cards/item/88997.jpg
46704,https://ksofronis.github.io/jt-meta-cards/item/46704.jpg
9017,https://ksofronis.github.io/jt-meta-cards/item/9017.jpg
1175,https://ksofronis.github.io/jt-meta-cards/item/1175.jpg
47249,https://ksofronis.github.io/jt-meta-cards/item/47249.jpg
80318,https://ksofronis.github.io/jt-meta-cards/item/80318.jpg
44322,https://ksofronis.github.io/jt-meta-cards/item/44322.jpg
46177,https://ksofronis.github.io/jt-meta-cards/item/46177.jpg
46163,https://ksofronis.github.io/jt-meta-cards/item/46163.jpg
58741,https://ksofronis.github.io/jt-meta-cards/item/58741.jpg
9288,https://ksofronis.github.io/jt-meta-cards/item/9288.jpg
47675,https://ksofronis.github.io/jt-meta-cards/item/47675.jpg
46653,https://ksofronis.github.io/jt-meta-cards/item/46653.jpg
74535,https://ksofronis.github.io/jt-meta-cards/item/74535.jpg
45582,https://ksofronis.github.io/jt-meta-cards/item/45582.jpg
80324,https://ksofronis.github.io/jt-meta-cards/item/80324.jpg
45439,https://ksofronis.github.io/jt-meta-cards/item/45439.jpg
88990,https://ksofronis.github.io/jt-meta-cards/item/88990.jpg
90942,https://ksofronis.github.io/jt-meta-cards/item/90942.jpg
90696,https://ksofronis.github.io/jt-meta-cards/item/90696.jpg
76042,https://ksofronis.github.io/jt-meta-cards/item/76042.jpg
9321,https://ksofronis.github.io/jt-meta-cards/item/9321.jpg
45636,https://ksofronis.github.io/jt-meta-cards/item/45636.jpg
45325,https://ksofronis.github.io/jt-meta-cards/item/45325.jpg
90882,https://ksofronis.github.io/jt-meta-cards/item/90882.jpg
44282,https://ksofronis.github.io/jt-meta-cards/item/44282.jpg
74084,https://ksofronis.github.io/jt-meta-cards/item/74084.jpg
47262,https://ksofronis.github.io/jt-meta-cards/item/47262.jpg
85704,https://ksofronis.github.io/jt-meta-cards/item/85704.jpg
47673,https://ksofronis.github.io/jt-meta-cards/item/47673.jpg
90687,https://ksofronis.github.io/jt-meta-cards/item/90687.jpg
46730,https://ksofronis.github.io/jt-meta-cards/item/46730.jpg
47265,https://ksofronis.github.io/jt-meta-cards/item/47265.jpg
90059,https://ksofronis.github.io/jt-meta-cards/item/90059.jpg
982,https://ksofronis.github.io/jt-meta-cards/item/982.jpg
45915,https://ksofronis.github.io/jt-meta-cards/item/45915.jpg
9546,https://ksofronis.github.io/jt-meta-cards/item/9546.jpg
73322,https://ksofronis.github.io/jt-meta-cards/item/73322.jpg
45181,https://ksofronis.github.io/jt-meta-cards/item/45181.jpg
3395,https://ksofronis.github.io/jt-meta-cards/item/3395.jpg
90855,https://ksofronis.github.io/jt-meta-cards/item/90855.jpg
47853,https://ksofronis.github.io/jt-meta-cards/item/47853.jpg
9307,https://ksofronis.github.io/jt-meta-cards/item/9307.jpg
73271,https://ksofronis.github.io/jt-meta-cards/item/73271.jpg
90606,https://ksofronis.github.io/jt-meta-cards/item/90606.jpg
74522,https://ksofronis.github.io/jt-meta-cards/item/74522.jpg
80096,https://ksofronis.github.io/jt-meta-cards/item/80096.jpg
47855,https://ksofronis.github.io/jt-meta-cards/item/47855.jpg
86073,https://ksofronis.github.io/jt-meta-cards/item/86073.jpg
47317,https://ksofronis.github.io/jt-meta-cards/item/47317.jpg
3428,https://ksofronis.github.io/jt-meta-cards/item/3428.jpg
91125,https://ksofronis.github.io/jt-meta-cards/item/91125.jpg
44241,https://ksofronis.github.io/jt-meta-cards/item/44241.jpg
90746,https://ksofronis.github.io/jt-meta-cards/item/90746.jpg
47252,https://ksofronis.github.io/jt-meta-cards/item/47252.jpg
91191,https://ksofronis.github.io/jt-meta-cards/item/91191.jpg
2734,https://ksofronis.github.io/jt-meta-cards/item/2734.jpg
8017,https://ksofronis.github.io/jt-meta-cards/item/8017.jpg
9564,https://ksofronis.github.io/jt-meta-cards/item/9564.jpg
81038,https://ksofronis.github.io/jt-meta-cards/item/81038.jpg
90505,https://ksofronis.github.io/jt-meta-cards/item/90505.jpg
73268,https://ksofronis.github.io/jt-meta-cards/item/73268.jpg
49394,https://ksofronis.github.io/jt-meta-cards/item/49394.jpg
64937,https://ksofronis.github.io/jt-meta-cards/item/64937.jpg
45765,https://ksofronis.github.io/jt-meta-cards/item/45765.jpg
46129,https://ksofronis.github.io/jt-meta-cards/item/46129.jpg
9314,https://ksofronis.github.io/jt-meta-cards/item/9314.jpg
74047,https://ksofronis.github.io/jt-meta-cards/item/74047.jpg
90896,https://ksofronis.github.io/jt-meta-cards/item/90896.jpg
9539,https://ksofronis.github.io/jt-meta-cards/item/9539.jpg
45697,https://ksofronis.github.io/jt-meta-cards/item/45697.jpg
90786,https://ksofronis.github.io/jt-meta-cards/item/90786.jpg
85715,https://ksofronis.github.io/jt-meta-cards/item/85715.jpg
44312,https://ksofronis.github.io/jt-meta-cards/item/44312.jpg
8974,https://ksofronis.github.io/jt-meta-cards/item/8974.jpg
74042,https://ksofronis.github.io/jt-meta-cards/item/74042.jpg
63198,https://ksofronis.github.io/jt-meta-cards/item/63198.jpg
73897,https://ksofronis.github.io/jt-meta-cards/item/73897.jpg
80132,https://ksofronis.github.io/jt-meta-cards/item/80132.jpg
46397,https://ksofronis.github.io/jt-meta-cards/item/46397.jpg
47242,https://ksofronis.github.io/jt-meta-cards/item/47242.jpg
45158,https://ksofronis.github.io/jt-meta-cards/item/45158.jpg
47315,https://ksofronis.github.io/jt-meta-cards/item/47315.jpg
49387,https://ksofronis.github.io/jt-meta-cards/item/49387.jpg
3425,https://ksofronis.github.io/jt-meta-cards/item/3425.jpg
45657,https://ksofronis.github.io/jt-meta-cards/item/45657.jpg
84179,https://ksofronis.github.io/jt-meta-cards/item/84179.jpg
73256,https://ksofronis.github.io/jt-meta-cards/item/73256.jpg
73933,https://ksofronis.github.io/jt-meta-cards/item/73933.jpg
49661,https://ksofronis.github.io/jt-meta-cards/item/49661.jpg
46132,https://ksofronis.github.io/jt-meta-cards/item/46132.jpg
45644,https://ksofronis.github.io/jt-meta-cards/item/45644.jpg
30650,https://ksofronis.github.io/jt-meta-cards/item/30650.jpg
9480,https://ksofronis.github.io/jt-meta-cards/item/9480.jpg
85629,https://ksofronis.github.io/jt-meta-cards/item/85629.jpg
9444,https://ksofronis.github.io/jt-meta-cards/item/9444.jpg
58546,https://ksofronis.github.io/jt-meta-cards/item/58546.jpg
44256,https://ksofronis.github.io/jt-meta-cards/item/44256.jpg
47303,https://ksofronis.github.io/jt-meta-cards/item/47303.jpg
45320,https://ksofronis.github.io/jt-meta-cards/item/45320.jpg
76719,https://ksofronis.github.io/jt-meta-cards/item/76719.jpg
42706,https://ksofronis.github.io/jt-meta-cards/item/42706.jpg
90955,https://ksofronis.github.io/jt-meta-cards/item/90955.jpg
44277,https://ksofronis.github.io/jt-meta-cards/item/44277.jpg
73938,https://ksofronis.github.io/jt-meta-cards/item/73938.jpg
46652,https://ksofronis.github.io/jt-meta-cards/item/46652.jpg
32042,https://ksofronis.github.io/jt-meta-cards/item/32042.jpg
90978,https://ksofronis.github.io/jt-meta-cards/item/90978.jpg
45725,https://ksofronis.github.io/jt-meta-cards/item/45725.jpg
74534,https://ksofronis.github.io/jt-meta-cards/item/74534.jpg
42715,https://ksofronis.github.io/jt-meta-cards/item/42715.jpg
30744,https://ksofronis.github.io/jt-meta-cards/item/30744.jpg
45272,https://ksofronis.github.io/jt-meta-cards/item/45272.jpg
9325,https://ksofronis.github.io/jt-meta-cards/item/9325.jpg
90788,https://ksofronis.github.io/jt-meta-cards/item/90788.jpg
45640,https://ksofronis.github.io/jt-meta-cards/item/45640.jpg
73896,https://ksofronis.github.io/jt-meta-cards/item/73896.jpg
47246,https://ksofronis.github.io/jt-meta-cards/item/47246.jpg
47857,https://ksofronis.github.io/jt-meta-cards/item/47857.jpg
90885,https://ksofronis.github.io/jt-meta-cards/item/90885.jpg
73225,https://ksofronis.github.io/jt-meta-cards/item/73225.jpg
44253,https://ksofronis.github.io/jt-meta-cards/item/44253.jpg
9503,https://ksofronis.github.io/jt-meta-cards/item/9503.jpg
88414,https://ksofronis.github.io/jt-meta-cards/item/88414.jpg
73319,https://ksofronis.github.io/jt-meta-cards/item/73319.jpg
9308,https://ksofronis.github.io/jt-meta-cards/item/9308.jpg
52936,https://ksofronis.github.io/jt-meta-cards/item/52936.jpg
1617,https://ksofronis.github.io/jt-meta-cards/item/1617.jpg
9328,https://ksofronis.github.io/jt-meta-cards/item/9328.jpg
90680,https://ksofronis.github.io/jt-meta-cards/item/90680.jpg
45293,https://ksofronis.github.io/jt-meta-cards/item/45293.jpg
91078,https://ksofronis.github.io/jt-meta-cards/item/91078.jpg
90924,https://ksofronis.github.io/jt-meta-cards/item/90924.jpg
9305,https://ksofronis.github.io/jt-meta-cards/item/9305.jpg
45856,https://ksofronis.github.io/jt-meta-cards/item/45856.jpg
90878,https://ksofronis.github.io/jt-meta-cards/item/90878.jpg
46045,https://ksofronis.github.io/jt-meta-cards/item/46045.jpg
91165,https://ksofronis.github.io/jt-meta-cards/item/91165.jpg
45631,https://ksofronis.github.io/jt-meta-cards/item/45631.jpg
90904,https://ksofronis.github.io/jt-meta-cards/item/90904.jpg
90053,https://ksofronis.github.io/jt-meta-cards/item/90053.jpg
47261,https://ksofronis.github.io/jt-meta-cards/item/47261.jpg
44237,https://ksofronis.github.io/jt-meta-cards/item/44237.jpg
73888,https://ksofronis.github.io/jt-meta-cards/item/73888.jpg
44269,https://ksofronis.github.io/jt-meta-cards/item/44269.jpg
5654,https://ksofronis.github.io/jt-meta-cards/item/5654.jpg
90862,https://ksofronis.github.io/jt-meta-cards/item/90862.jpg
64463,https://ksofronis.github.io/jt-meta-cards/item/64463.jpg
42724,https://ksofronis.github.io/jt-meta-cards/item/42724.jpg
47291,https://ksofronis.github.io/jt-meta-cards/item/47291.jpg
73440,https://ksofronis.github.io/jt-meta-cards/item/73440.jpg
73218,https://ksofronis.github.io/jt-meta-cards/item/73218.jpg
26474,https://ksofronis.github.io/jt-meta-cards/item/26474.jpg
45382,https://ksofronis.github.io/jt-meta-cards/item/45382.jpg
73275,https://ksofronis.github.io/jt-meta-cards/item/73275.jpg
73893,https://ksofronis.github.io/jt-meta-cards/item/73893.jpg
91105,https://ksofronis.github.io/jt-meta-cards/item/91105.jpg
80526,https://ksofronis.github.io/jt-meta-cards/item/80526.jpg
90801,https://ksofronis.github.io/jt-meta-cards/item/90801.jpg
90880,https://ksofronis.github.io/jt-meta-cards/item/90880.jpg
9464,https://ksofronis.github.io/jt-meta-cards/item/9464.jpg
90011,https://ksofronis.github.io/jt-meta-cards/item/90011.jpg
45660,https://ksofronis.github.io/jt-meta-cards/item/45660.jpg
44315,https://ksofronis.github.io/jt-meta-cards/item/44315.jpg
58737,https://ksofronis.github.io/jt-meta-cards/item/58737.jpg
39664,https://ksofronis.github.io/jt-meta-cards/item/39664.jpg
30647,https://ksofronis.github.io/jt-meta-cards/item/30647.jpg
58724,https://ksofronis.github.io/jt-meta-cards/item/58724.jpg
90979,https://ksofronis.github.io/jt-meta-cards/item/90979.jpg
58748,https://ksofronis.github.io/jt-meta-cards/item/58748.jpg
3380,https://ksofronis.github.io/jt-meta-cards/item/3380.jpg
3461,https://ksofronis.github.io/jt-meta-cards/item/3461.jpg
9315,https://ksofronis.github.io/jt-meta-cards/item/9315.jpg
47875,https://ksofronis.github.io/jt-meta-cards/item/47875.jpg
65926,https://ksofronis.github.io/jt-meta-cards/item/65926.jpg
49399,https://ksofronis.github.io/jt-meta-cards/item/49399.jpg
45718,https://ksofronis.github.io/jt-meta-cards/item/45718.jpg
73892,https://ksofronis.github.io/jt-meta-cards/item/73892.jpg
73254,https://ksofronis.github.io/jt-meta-cards/item/73254.jpg
45334,https://ksofronis.github.io/jt-meta-cards/item/45334.jpg
30631,https://ksofronis.github.io/jt-meta-cards/item/30631.jpg
85602,https://ksofronis.github.io/jt-meta-cards/item/85602.jpg
74539,https://ksofronis.github.io/jt-meta-cards/item/74539.jpg
90917,https://ksofronis.github.io/jt-meta-cards/item/90917.jpg
75363,https://ksofronis.github.io/jt-meta-cards/item/75363.jpg
46421,https://ksofronis.github.io/jt-meta-cards/item/46421.jpg
44243,https://ksofronis.github.io/jt-meta-cards/item/44243.jpg
47879,https://ksofronis.github.io/jt-meta-cards/item/47879.jpg
49733,https://ksofronis.github.io/jt-meta-cards/item/49733.jpg
88991,https://ksofronis.github.io/jt-meta-cards/item/88991.jpg
58624,https://ksofronis.github.io/jt-meta-cards/item/58624.jpg
45844,https://ksofronis.github.io/jt-meta-cards/item/45844.jpg
76292,https://ksofronis.github.io/jt-meta-cards/item/76292.jpg
9473,https://ksofronis.github.io/jt-meta-cards/item/9473.jpg
79266,https://ksofronis.github.io/jt-meta-cards/item/79266.jpg
63729,https://ksofronis.github.io/jt-meta-cards/item/63729.jpg
48145,https://ksofronis.github.io/jt-meta-cards/item/48145.jpg
3419,https://ksofronis.github.io/jt-meta-cards/item/3419.jpg
45359,https://ksofronis.github.io/jt-meta-cards/item/45359.jpg
90983,https://ksofronis.github.io/jt-meta-cards/item/90983.jpg
91102,https://ksofronis.github.io/jt-meta-cards/item/91102.jpg
58738,https://ksofronis.github.io/jt-meta-cards/item/58738.jpg
89109,https://ksofronis.github.io/jt-meta-cards/item/89109.jpg
58744,https://ksofronis.github.io/jt-meta-cards/item/58744.jpg
73920,https://ksofronis.github.io/jt-meta-cards/item/73920.jpg
74529,https://ksofronis.github.io/jt-meta-cards/item/74529.jpg
33025,https://ksofronis.github.io/jt-meta-cards/item/33025.jpg
80125,https://ksofronis.github.io/jt-meta-cards/item/80125.jpg
7902,https://ksofronis.github.io/jt-meta-cards/item/7902.jpg
47292,https://ksofronis.github.io/jt-meta-cards/item/47292.jpg
53019,https://ksofronis.github.io/jt-meta-cards/item/53019.jpg
45358,https://ksofronis.github.io/jt-meta-cards/item/45358.jpg
89519,https://ksofronis.github.io/jt-meta-cards/item/89519.jpg
53198,https://ksofronis.github.io/jt-meta-cards/item/53198.jpg
46793,https://ksofronis.github.io/jt-meta-cards/item/46793.jpg
80299,https://ksofronis.github.io/jt-meta-cards/item/80299.jpg
80092,https://ksofronis.github.io/jt-meta-cards/item/80092.jpg
73912,https://ksofronis.github.io/jt-meta-cards/item/73912.jpg
45278,https://ksofronis.github.io/jt-meta-cards/item/45278.jpg
45302,https://ksofronis.github.io/jt-meta-cards/item/45302.jpg
40769,https://ksofronis.github.io/jt-meta-cards/item/40769.jpg
89105,https://ksofronis.github.io/jt-meta-cards/item/89105.jpg
74116,https://ksofronis.github.io/jt-meta-cards/item/74116.jpg
45314,https://ksofronis.github.io/jt-meta-cards/item/45314.jpg
91260,https://ksofronis.github.io/jt-meta-cards/item/91260.jpg
90634,https://ksofronis.github.io/jt-meta-cards/item/90634.jpg
9485,https://ksofronis.github.io/jt-meta-cards/item/9485.jpg
68489,https://ksofronis.github.io/jt-meta-cards/item/68489.jpg
86195,https://ksofronis.github.io/jt-meta-cards/item/86195.jpg
84167,https://ksofronis.github.io/jt-meta-cards/item/84167.jpg
69234,https://ksofronis.github.io/jt-meta-cards/item/69234.jpg
33901,https://ksofronis.github.io/jt-meta-cards/item/33901.jpg
46065,https://ksofronis.github.io/jt-meta-cards/item/46065.jpg
33042,https://ksofronis.github.io/jt-meta-cards/item/33042.jpg
91479,https://ksofronis.github.io/jt-meta-cards/item/91479.jpg
45176,https://ksofronis.github.io/jt-meta-cards/item/45176.jpg
88412,https://ksofronis.github.io/jt-meta-cards/item/88412.jpg
44249,https://ksofronis.github.io/jt-meta-cards/item/44249.jpg
78690,https://ksofronis.github.io/jt-meta-cards/item/78690.jpg
47289,https://ksofronis.github.io/jt-meta-cards/item/47289.jpg
9472,https://ksofronis.github.io/jt-meta-cards/item/9472.jpg
45576,https://ksofronis.github.io/jt-meta-cards/item/45576.jpg
46466,https://ksofronis.github.io/jt-meta-cards/item/46466.jpg
45596,https://ksofronis.github.io/jt-meta-cards/item/45596.jpg
1018,https://ksofronis.github.io/jt-meta-cards/item/1018.jpg
74065,https://ksofronis.github.io/jt-meta-cards/item/74065.jpg
83208,https://ksofronis.github.io/jt-meta-cards/item/83208.jpg
3422,https://ksofronis.github.io/jt-meta-cards/item/3422.jpg
9471,https://ksofronis.github.io/jt-meta-cards/item/9471.jpg
9497,https://ksofronis.github.io/jt-meta-cards/item/9497.jpg
9324,https://ksofronis.github.io/jt-meta-cards/item/9324.jpg
42700,https://ksofronis.github.io/jt-meta-cards/item/42700.jpg
42719,https://ksofronis.github.io/jt-meta-cards/item/42719.jpg
73911,https://ksofronis.github.io/jt-meta-cards/item/73911.jpg
46216,https://ksofronis.github.io/jt-meta-cards/item/46216.jpg
90672,https://ksofronis.github.io/jt-meta-cards/item/90672.jpg
45372,https://ksofronis.github.io/jt-meta-cards/item/45372.jpg
45633,https://ksofronis.github.io/jt-meta-cards/item/45633.jpg
79264,https://ksofronis.github.io/jt-meta-cards/item/79264.jpg
89032,https://ksofronis.github.io/jt-meta-cards/item/89032.jpg
73342,https://ksofronis.github.io/jt-meta-cards/item/73342.jpg
